use UNIVER
insert into FACULTY(FACULTY,FACULTY_NAME)
values(N'ТТЛП', N'Технологии и техника лесной промышленности'),
(N'ТОВ', N'Технологии органических веществ'),
(N'ХТиТ', N'Химические технологии и техника'),
(N'ИЭФ', N'Инженерно-экономический'),
(N'ЛХ', N'Лесохозяйственный'),
(N'ИДиП', N'Издательское дело и полиграфия'),
(N'ИТ', N'Информационных технологий');
insert into PROFESSION(PROFESSION,FACULTY,PROFESSION_NAME,QUALIFICATION)
values (N'1-36 06 01',N'ИДиП',N'Полиграфическое оборудование и системы обработки информации',N'инженер-электромеханик'),
(N'1-36 07 01',N'ХТиТ',N'Машины и аппараты химических производств и предприятий строительных материалов',N'инженер-механик'),
(N'1-40 01 02',N'ИТ',N'Информационные системы и технологии',N'инженер-программист-системотехник'),
(N'1-46 01 01',N'ТТЛП',N'Лесоинженерное дело',N'инженер-технолог'),
(N'1-47 01 01',N'ИДиП',N'Издательское дело',N'редактор-технолог'),
(N'1-48 01 02',N'ТОВ',N'Химическая технология органических веществ, материалов и изделий',N'инженер-химик-технолог'),
(N'1-48 01 05',N'ТОВ',N'Химическая технология переработки древесины',N'инженер-химик-технолог'),
(N'1-54 01 03',N'ТОВ',N'Физико-химические методы и приборы контроля качества продукции',N'инженер по сертификации'),
(N'1-75 01 01',N'ЛХ',N'Лесное хозяйство',N'инженер лесного хозяйства'),
(N'1-75 02 01',N'ЛХ',N'Садово-парковое строительство',N'инженер садово-паркового строительства'),
(N'1-89 02 02',N'ЛХ',N'Туризм и природопользование',N'специалист в сфере туризма');
insert into PULPIT(PULPIT,PULPIT_NAME,FACULTY)
values 
(N'РИТ',N'Редакционно-издательских тенологий',N'ИДиП'),
(N'СБУАиА',N'Статистики, бухгалтерского учета, анализа и аудита',N'ИЭФ'),
(N'ТДП',N'Технологий деревообрабатывающих производств',N'ТТЛП'),
(N'ТиДИД',N'Технологии и дизайна изделий из древесины',N'ТТЛП'),
(N'ТиП',N'Туризма и природопользования',N'ЛХ'),
(N'ТЛ',N'Транспорта леса',N'ТТЛП'),
(N'ТНВиОХТ',N'Технологии неорганических веществ и общей химической технологии',N'ХТиТ'),
(N'ТНХСиППМ',N'Технологии нефтехимического синтеза и переработки полимерных материалов',N'ТОВ'),
(N'ХПД',N'Химической переработки древесины',N'ТОВ'),
(N'ХТЭПиМЭЕ',N'Химии, технологии электрохимических производств и материалов электронной техники',N'ХТиТ'),
(N'ЭТиМ',N'Экономической теории и маркетинга',N'ИЭФ'),
(N'ИСиТ',N'Информационных систем и технологий',N'ИТ');

insert into TEACHER(TEACHER,TEACHER_NAME,GENDER,PULPIT)
values
(N'НСКВ',N'Носков Михаил Трофимович',null,N'ТиП'),
(N'ПРКП',N'Прокопенко Николай Иванович',null,N'ТНХСиППМ'),
(N'МРЗВ',N'Морозова Елена Степановна',null,N'ИСиТ'),
(N'РВКС',N'Ровкас Андрей Петрович',null,N'ТЛ'),
(N'РЖКВ',N'Рыжиков Леонид Николаевич',null,N'ЭТиМ'),
(N'РМНВ',N'Романов Дмитрий Михайлович',null,N'ИСиТ'),
(N'СМЛВ',N'Смелов Владимир Владиславович',null,N'ИСиТ'),
(N'КРЛВ',N'Крылов Павел Павлович',null,N'ИСиТ'),
(N'ЧРН',N'Чернова Анна Викторовна',null,N'ХПД'),
(N'МХВ',N'Мохов Михаил Сергеевич',null,N'ТиП');
insert into SUBJECT(SUBJECT,SUBJECT_NAME,PULPIT)
values 
(N'ПЗ',N'Представление знаний в компьютерных системах',N'ИСиТ'),
(N'ПИС',N'Проектирование информационных систем',N'ИСиТ'),
(N'ПСП',N'Программирование сетевых приложений',N'ИСиТ'),
(N'ПЭХ',N'Прикладная электрохимия',N'ХТЭПиМЭЕ'),
(N'СУБД',N'Системы управления базами данных',N'ИСиТ'),
(N'ТиОЛ',N'Технология и оборудование лесозаготовок',N'ТДП'),
(N'ТРИ',N'Технология резиновых изделий',N'ТНХСиППМ'),
(N'ЭП',N'Экономика природопользования',N'ТиП'),
(N'ЭТ',N'Экономическая теория',N'ЭТиМ');
insert into AUDITORIUM(AUDITORIUM,AUDITORIUM_TYPE,AUDITORIUM_CAPACITY,AUDITORIUM_NAME)
values 
(N'301-1',N'ЛБ-К',15,N'301-1'),
(N'304-4',N'ЛБ-К',90,N'304-4'),
(N'313-1',N'ЛБ-Х',60,N'313-1'),
(N'314-4',N'ЛК',90,N'314-4'),
(N'320-4',N'ЛК',90,N'320-4'),
(N'324-1',N'ЛК-К',50,N'324-1'),
(N'413-1',N'ЛБ-СК',15,N'413-1'),
(N'423-1',N'ЛБ-К',90,N'423-1');
insert into AUDITORIUM_TYPE(AUDITORIUM_TYPE,AUDITORIUM_TYPENAME)
values 
(N'ЛБ-Х',N'Химическая лаборатория'),
(N'ЛБ-К',N'Компьютерный класс'),
(N'ЛБ-СК',N'Спец. компьютерный класс'),
(N'ЛК',N'Лекционная'),
(N'ЛК-К',N'Лекционная с уст. проектором');
insert into ST_GROUP(IDGROUP,FACULTY,PROFESSION,YEAR_FIRST)
values 
(22,N'ЛХ',N'1-75 02 01',2011),
(23,N'ЛХ',N'1-89 02 02',2012),
(24,N'ЛХ',N'1-89 02 02',2011),
(25,N'ТТЛП',N'1-36 06 01',2013),
(26,N'ТТЛП',N'1-36 06 01',2012),
(27,N'ТТЛП',N'1-46 01 01',2012),
(28,N'ИЭФ',N'1-47 01 01',2013),
(29,N'ИЭФ',N'1-47 01 01',2012),
(30,N'ИЭФ',N'1-47 01 01',2010),
(31,N'ИЭФ',N'1-48 01 02',2013),
(32,N'ИЭФ',N'1-48 01 02',2012);
insert into STUDENT(IDGROUP,NAME,BDAY, STAMP,INFO,FOTO)
values 
(22,N'Пугач Михаил Трофимович',N'1996-01-12',default,null, null),
(23,N'Авдеев Николай Иванович',N'1996-07-19',default,null, null),
(24,N'Белова Елена Степановна',N'1996-05-22',default,null, null),
(25,N'Вилков Андрей Петрович',N'1996-12-08',default,null, null),
(26,N'Грушин Леонид Николаевич',N'1995-11-11',default,null, null),
(27,N'Дунаев Дмитрий Михайлович',N'1996-08-24',default,null, null),
(28,N'Клуни Иван Владиславович',N'1996-09-15',default,null, null),
(29,N'Крылов Олег Павлович',N'1996-10-16',default,null, null);
insert into PROGRESS(SUBJECT,IDSTUDENT,PDATE,NOTE)
values 
(N'ПЗ',1007,N'2014-01-12',4),
(N'ПЗ',1001,N'2014-01-19',5),
(N'ПЗ',1002,N'2014-01-08',9),
(N'ЭТ',1003,N'2014-01-11',8),
(N'ЭТ',1004,N'2014-01-15',4),
(N'СУБД',1005,N'2014-01-16',7),
(N'СУБД',1006,N'2014-01-24',6);